customer_id,customer_name,email,registration_date,customer_type
1,Allison Hill,allison.hill655@gmail.com,2024-02-11 08:23:05,PREMIUM
2,Megan Mcclain,megan.mcclain251@gmail.com,2026-01-11 21:11:25,PREMIUM
3,Allen Robinson,allen.robinson693@hotmail.com,2026-01-29 18:55:08,REGULAR
4,Cristian Santos,cristian.santos605@hotmail.com,2025-04-21 06:51:59,REGULAR
5,Kevin Pacheco,kevin.pacheco224@gmail.com,2024-03-13 14:33:52,REGULAR
6,Gina Moore,gina.moore575@yahoo.com,2023-12-15 08:42:33,REGULAR
7,Brent Abbott,brent.abbott559@hotmail.com,2024-08-23 12:05:11,REGULAR
8,Monica Herrera,monica.herrera285@yahoo.com,2023-11-08 23:55:05,REGULAR
9,Sandra Montgomery,sandra.montgomery826@yahoo.com,2025-12-22 11:16:55,REGULAR
10,Benjamin Stanley,benjamin.stanley285@yahoo.com,2023-11-10 12:53:39,VIP
11,Sharon James,sharon.james345@yahoo.com,2026-03-23 02:04:03,REGULAR
12,Carla Kelly,carla.kelly368@hotmail.com,2024-08-27 07:41:18,REGULAR
13,Melinda Jones,melinda.jones827@hotmail.com,2024-03-31 10:32:42,REGULAR
14,Danielle Ford,danielle.ford128@yahoo.com,2026-03-29 18:57:15,REGULAR
15,Colleen Nguyen,colleen.nguyen566@gmail.com,2024-06-29 09:33:53,REGULAR
16,Renee Morales,renee.morales907@gmail.com,2024-06-01 08:02:39,REGULAR
17,Latoya Robbins,latoya.robbins722@gmail.com,2026-04-22 18:33:30,REGULAR
18,Dr. Marvin Thomas Jr.,dr..marvin.thomas.jr.792@hotmail.com,2025-11-27 15:21:17,REGULAR
19,Nicole Patterson,nicole.patterson239@hotmail.com,2025-03-21 00:45:50,REGULAR
20,Zachary Taylor,zachary.taylor465@yahoo.com,2023-11-27 19:22:56,REGULAR
21,Shannon Hernandez,shannon.hernandez380@gmail.com,2026-05-31 16:12:44,REGULAR
22,Arthur James,arthur.james719@yahoo.com,2025-10-08 12:50:47,REGULAR
23,Juan Dunlap,juan.dunlap624@hotmail.com,2024-01-03 12:49:56,REGULAR
24,Kimberly Adams,kimberly.adams251@hotmail.com,2024-12-19 00:41:41,REGULAR
25,Jeffrey Chavez,jeffrey.chavez948@hotmail.com,2024-08-21 17:53:21,REGULAR
26,Pamela Romero,pamela.romero702@gmail.com,2026-03-06 22:54:53,PREMIUM
27,Mark Lynch,mark.lynch58@gmail.com,2025-02-09 10:33:09,REGULAR
28,Kimberly Osborne,kimberly.osborne324@hotmail.com,2023-07-10 11:21:20,REGULAR
29,Katherine Rodriguez,katherine.rodriguez936@yahoo.com,2024-10-29 06:59:29,PREMIUM
30,David Bradley,david.bradley323@gmail.com,2023-11-19 15:25:33,REGULAR
31,Rose Spence,rose.spence906@hotmail.com,2024-01-20 22:43:32,REGULAR
32,John Pierce,john.pierce272@yahoo.com,2025-10-06 07:08:18,PREMIUM
33,Jenny Lewis,jenny.lewis552@hotmail.com,2026-06-15 06:09:48,REGULAR
34,Eric Carney,eric.carney920@hotmail.com,2025-02-08 16:09:33,REGULAR
35,Joseph Martinez,joseph.martinez142@gmail.com,2023-10-17 01:05:32,REGULAR
36,Kevin Hall,kevin.hall49@gmail.com,2023-07-20 18:07:40,REGULAR
37,Mark Perez,mark.perez164@gmail.com,2024-12-03 21:18:03,REGULAR
38,David Caldwell,david.caldwell66@gmail.com,2025-10-24 06:07:55,REGULAR
39,Timothy Duncan,timothy.duncan480@yahoo.com,2024-07-21 01:37:39,VIP
40,Rhonda Lee,rhonda.lee882@gmail.com,2026-04-28 06:41:29,REGULAR
41,Jeff Owens,jeff.owens118@hotmail.com,2023-10-01 17:40:55,REGULAR
42,Victoria Garcia,victoria.garcia274@yahoo.com,2024-12-17 16:09:06,REGULAR
43,Ashley Lee,ashley.lee301@hotmail.com,2025-06-05 11:33:33,REGULAR
44,Clifford Ford,clifford.ford977@gmail.com,2025-05-27 23:08:43,PREMIUM
45,Savannah Garcia,savannah.garcia996@hotmail.com,2025-10-26 08:36:46,REGULAR
46,Tracy House,tracy.house935@gmail.com,2024-03-23 22:33:41,REGULAR
47,John Hancock,john.hancock862@gmail.com,2024-03-21 08:09:02,REGULAR
48,William Baker,william.baker157@yahoo.com,2024-09-24 16:53:45,REGULAR
49,Tyler Cowan,tyler.cowan977@hotmail.com,2026-05-02 18:23:05,REGULAR
50,Brittney Phillips,brittney.phillips1@gmail.com,2025-12-25 07:26:24,REGULAR
51,Amy Edwards,amy.edwards115@gmail.com,2026-01-02 01:45:11,PREMIUM
52,Thomas Schmidt,thomas.schmidt852@gmail.com,2025-09-05 11:15:09,REGULAR
53,Cody Larson,cody.larson247@hotmail.com,2024-07-08 23:04:14,VIP
54,Todd Hudson,todd.hudson88@hotmail.com,2026-01-18 03:18:52,PREMIUM
55,Bradley Sandoval,bradley.sandoval779@hotmail.com,2025-09-28 16:47:10,REGULAR
56,Dean Santiago,dean.santiago676@yahoo.com,2024-07-14 08:53:28,REGULAR
57,Carlos Brewer,carlos.brewer272@yahoo.com,2024-11-11 17:58:26,REGULAR
58,Taylor Smith,taylor.smith988@hotmail.com,2025-11-30 03:57:29,REGULAR
59,Angel Lewis MD,angel.lewis.md748@yahoo.com,2023-10-24 10:45:35,PREMIUM
60,Jaclyn Moore,jaclyn.moore409@hotmail.com,2026-07-06 11:54:12,REGULAR
61,William Roman,william.roman449@hotmail.com,2023-07-21 17:42:01,REGULAR
62,Kristen Huynh,kristen.huynh254@gmail.com,2024-02-03 04:46:10,REGULAR
63,Steve Newton,steve.newton603@gmail.com,2024-09-04 15:54:40,REGULAR
64,Daniel Cooper,daniel.cooper8@hotmail.com,2026-03-20 20:08:19,REGULAR
65,Kathy King,kathy.king235@gmail.com,2023-11-29 23:10:12,REGULAR
66,Sandra Williams,sandra.williams339@yahoo.com,2024-01-28 19:20:39,REGULAR
67,Deborah Figueroa,deborah.figueroa686@hotmail.com,2025-05-03 23:21:28,REGULAR
68,Ashley Landry,ashley.landry741@hotmail.com,2024-02-26 03:10:49,REGULAR
69,Sandra Aguilar,sandra.aguilar485@gmail.com,2025-05-07 05:38:38,REGULAR
70,Eric Nolan,eric.nolan417@gmail.com,2025-01-15 10:07:44,REGULAR
71,David Garcia,david.garcia442@hotmail.com,2025-03-31 20:52:51,REGULAR
72,Nicole Frost,nicole.frost885@gmail.com,2024-03-18 00:32:19,REGULAR
73,Rita Keith,rita.keith662@gmail.com,2024-04-13 05:05:02,REGULAR
74,Evelyn Galvan,evelyn.galvan348@hotmail.com,2024-07-29 02:22:45,REGULAR
75,Richard Rodriguez,richard.rodriguez197@gmail.com,2025-07-09 18:37:47,REGULAR
76,Robert Stevens,robert.stevens433@yahoo.com,2024-06-27 03:24:31,REGULAR
77,Matthew Ross,matthew.ross896@yahoo.com,2023-10-25 10:13:37,REGULAR
78,Diana May,diana.may883@yahoo.com,2026-05-30 04:18:19,REGULAR
79,Ms. Teresa Wilson,ms..teresa.wilson668@yahoo.com,2024-04-11 23:31:28,PREMIUM
80,Victoria Johnson,victoria.johnson993@hotmail.com,2025-05-14 15:44:42,PREMIUM
81,Richard Graham,richard.graham243@hotmail.com,2024-01-05 05:37:16,REGULAR
82,Kenneth Scott,kenneth.scott219@hotmail.com,2025-05-16 23:26:11,PREMIUM
83,Timothy Ryan,timothy.ryan169@hotmail.com,2026-05-16 08:52:36,VIP
84,Jeffrey Rush,jeffrey.rush272@yahoo.com,2026-03-03 14:57:05,PREMIUM
85,Ryan Cortez,ryan.cortez293@yahoo.com,2025-09-04 08:55:52,VIP
86,Jason Powell,jason.powell803@yahoo.com,2025-11-16 20:01:45,PREMIUM
87,Jason Bentley,jason.bentley159@hotmail.com,2024-04-04 22:14:36,REGULAR
88,Elizabeth Kelley,elizabeth.kelley60@gmail.com,2024-10-23 15:18:47,REGULAR
89,Jeffrey Carpenter,jeffrey.carpenter766@hotmail.com,2024-11-21 04:21:21,REGULAR
90,Jeremy Lewis,jeremy.lewis489@yahoo.com,2024-03-29 04:35:15,PREMIUM
91,Diane Beck,diane.beck162@hotmail.com,2024-12-11 06:45:28,REGULAR
92,Trevor Young,trevor.young872@yahoo.com,2024-06-22 13:14:41,REGULAR
93,Brittany Williams,brittany.williams692@yahoo.com,2026-02-13 03:58:45,REGULAR
94,Angel Perry,angel.perry965@hotmail.com,2025-12-19 20:36:02,REGULAR
95,Michael Snyder,michael.snyder609@gmail.com,2024-02-23 19:53:32,REGULAR
96,Abigail Potter,abigail.potter674@gmail.com,2025-04-30 00:37:58,REGULAR
97,Robert Dominguez,robert.dominguez958@yahoo.com,2023-09-25 14:18:39,REGULAR
98,Sylvia Martinez,sylvia.martinez322@gmail.com,2025-06-30 09:11:21,REGULAR
99,Victoria Larson,victoria.larson688@yahoo.com,2026-02-15 07:22:04,REGULAR
100,Stephanie Simmons,stephanie.simmons952@hotmail.com,2025-06-01 06:53:53,REGULAR
101,Natasha Wells,natasha.wells470@yahoo.com,2024-07-27 15:47:57,REGULAR
102,Destiny Strickland,destiny.strickland103@yahoo.com,2026-03-09 04:54:33,REGULAR
103,Jeremiah Reeves,jeremiah.reeves272@gmail.com,2024-09-03 16:18:26,REGULAR
104,Steven Miller,steven.miller71@gmail.com,2024-07-02 20:05:12,REGULAR
105,Christian Lewis,christian.lewis162@yahoo.com,2025-04-02 18:26:23,REGULAR
106,John Brown,john.brown310@yahoo.com,2025-03-05 14:46:54,VIP
107,Lauren Dominguez,lauren.dominguez670@hotmail.com,2025-02-19 11:39:59,REGULAR
108,Tommy Evans,tommy.evans568@yahoo.com,2025-04-20 12:16:46,REGULAR
109,Morgan Marsh,morgan.marsh962@gmail.com,2025-08-06 00:32:53,REGULAR
110,Jeffrey Johnson,jeffrey.johnson912@yahoo.com,2026-05-13 15:26:59,REGULAR
111,Jennifer Martin,jennifer.martin279@yahoo.com,2024-01-23 20:20:34,REGULAR
112,Ms. Susan Vargas,ms..susan.vargas352@hotmail.com,2023-08-20 16:28:17,REGULAR
113,Jeffrey Camacho,jeffrey.camacho271@gmail.com,2023-09-25 16:46:51,REGULAR
114,Garrett Gibson,garrett.gibson930@yahoo.com,2025-02-17 12:53:01,REGULAR
115,Trevor Fisher,trevor.fisher434@gmail.com,2025-07-09 04:20:37,REGULAR
116,Joshua Cooke,joshua.cooke342@yahoo.com,2024-06-21 21:38:31,REGULAR
117,Rachael Pearson,rachael.pearson269@gmail.com,2024-07-27 17:25:25,REGULAR
118,Alex Hernandez,alex.hernandez723@gmail.com,2025-07-14 05:40:11,REGULAR
119,Kristy Robinson,kristy.robinson78@hotmail.com,2024-08-10 15:29:28,REGULAR
120,Carol Lawson,carol.lawson153@hotmail.com,2024-01-03 12:07:43,PREMIUM
121,Carla Collins,carla.collins597@hotmail.com,2023-08-18 11:23:41,REGULAR
122,Laura Odonnell,laura.odonnell43@yahoo.com,2025-03-16 18:22:59,PREMIUM
123,Christina Vargas,christina.vargas816@hotmail.com,2024-07-20 20:06:54,REGULAR
124,Raymond Jefferson,raymond.jefferson367@hotmail.com,2024-01-13 15:17:37,REGULAR
125,Kylie Williams,kylie.williams106@hotmail.com,2025-05-05 01:07:25,REGULAR
126,Andrea Holland,andrea.holland896@gmail.com,2025-04-22 02:57:31,REGULAR
127,Ashley Yu,ashley.yu159@hotmail.com,2025-06-22 18:21:32,REGULAR
128,Jessica Gross,jessica.gross167@hotmail.com,2024-09-01 03:26:07,PREMIUM
129,Tamara Hampton,tamara.hampton903@yahoo.com,2025-05-16 05:25:40,REGULAR
130,Leslie Morris,leslie.morris947@gmail.com,2023-11-21 05:03:39,VIP
131,Jerry Christensen,jerry.christensen822@hotmail.com,2026-02-11 16:50:56,PREMIUM
132,Gabrielle Snyder,gabrielle.snyder255@yahoo.com,2024-04-17 01:30:54,PREMIUM
133,Mr. David Ramirez,mr..david.ramirez111@hotmail.com,2026-07-02 20:03:31,REGULAR
134,Kristi Black,kristi.black482@gmail.com,2023-11-19 13:54:59,PREMIUM
135,Jason Peters,jason.peters472@gmail.com,2026-06-16 09:48:58,PREMIUM
136,Michael West,michael.west893@gmail.com,2023-12-01 03:18:51,REGULAR
137,Jared Sanchez,jared.sanchez198@hotmail.com,2025-12-28 23:59:51,REGULAR
138,Juan Cooper,juan.cooper72@hotmail.com,2025-11-10 14:00:12,REGULAR
139,Michael Nelson,michael.nelson657@yahoo.com,2024-07-01 17:06:54,REGULAR
140,Corey Wilson,corey.wilson864@hotmail.com,2026-06-15 17:11:46,VIP
141,Daniel Washington,daniel.washington119@hotmail.com,2026-01-10 11:25:36,REGULAR
142,Kelly Campbell,kelly.campbell595@gmail.com,2024-05-06 03:15:42,REGULAR
143,Isaac Turner,isaac.turner112@hotmail.com,2025-10-16 08:02:00,REGULAR
144,Angel Brown,angel.brown806@yahoo.com,2026-06-26 23:38:19,REGULAR
145,Margaret Mullins,margaret.mullins524@gmail.com,2023-07-28 15:19:16,PREMIUM
146,Julie Alexander,julie.alexander195@gmail.com,2023-09-27 09:29:48,PREMIUM
147,Scott Wilson,scott.wilson2@gmail.com,2025-03-23 01:29:24,PREMIUM
148,Kenneth Parks Jr.,kenneth.parks.jr.704@hotmail.com,2024-10-23 13:50:34,PREMIUM
149,David Grant,david.grant687@yahoo.com,2026-02-05 11:11:39,REGULAR
150,Lisa Rowe,lisa.rowe972@yahoo.com,2025-06-08 10:25:49,REGULAR
151,Elizabeth Chapman,elizabeth.chapman322@yahoo.com,2024-10-25 23:26:04,REGULAR
152,Amy Choi,amy.choi922@gmail.com,2024-05-27 08:55:42,REGULAR
153,Deborah Miller,deborah.miller419@gmail.com,2024-04-04 14:16:21,REGULAR
154,Brooke Ortiz,brooke.ortiz568@hotmail.com,2026-01-17 00:55:11,REGULAR
155,Andrew Roberts,andrew.roberts963@yahoo.com,2026-07-05 15:18:34,PREMIUM
156,Andrea Hall,andrea.hall179@yahoo.com,2026-03-06 13:53:07,REGULAR
157,Regina Gonzalez,regina.gonzalez562@gmail.com,2025-11-01 12:47:27,REGULAR
158,Chase Baker,chase.baker216@gmail.com,2023-10-28 12:23:08,REGULAR
159,Ricky Larson,ricky.larson671@hotmail.com,2024-09-29 22:12:59,REGULAR
160,John Torres,john.torres692@yahoo.com,2024-09-04 12:06:27,REGULAR
161,Katherine Miller,katherine.miller923@gmail.com,2025-05-10 17:13:47,PREMIUM
162,Lindsey Johnson,lindsey.johnson675@gmail.com,2026-05-22 01:41:56,REGULAR
163,Laura Sampson,laura.sampson649@hotmail.com,2024-08-31 06:07:59,REGULAR
164,Pamela Thompson,pamela.thompson975@hotmail.com,2026-04-16 16:04:05,REGULAR
165,Donald Shea,donald.shea231@yahoo.com,2026-03-21 16:31:24,REGULAR
166,Tracy Harrison,tracy.harrison48@yahoo.com,2024-12-08 08:40:17,REGULAR
167,Brian Martin,brian.martin871@yahoo.com,2026-06-21 04:03:46,REGULAR
168,Matthew Morales DDS,matthew.morales.dds908@gmail.com,2025-06-15 03:10:22,REGULAR
169,David Wilson,david.wilson714@yahoo.com,2025-09-15 23:34:21,REGULAR
170,April Booth,april.booth152@yahoo.com,2025-04-11 13:01:12,REGULAR
171,Joseph Dean,joseph.dean769@yahoo.com,2026-03-07 02:57:42,PREMIUM
172,Anthony Adams,anthony.adams798@gmail.com,2024-09-29 00:32:19,REGULAR
173,Michael Martinez,michael.martinez981@hotmail.com,2026-02-09 10:24:53,REGULAR
174,Michelle Collins,michelle.collins571@gmail.com,2025-11-13 11:27:31,PREMIUM
175,Danny Skinner,danny.skinner468@gmail.com,2025-06-25 10:03:29,REGULAR
176,Maria Moore,maria.moore544@hotmail.com,2024-10-04 23:25:17,REGULAR
177,Denise Davenport,denise.davenport973@yahoo.com,2024-07-22 04:58:50,REGULAR
178,Charles Lee,charles.lee835@hotmail.com,2025-09-06 02:37:39,REGULAR
179,Breanna Jones,breanna.jones851@yahoo.com,2024-12-18 13:30:04,REGULAR
180,Katie Hoover,katie.hoover163@yahoo.com,2024-10-15 09:00:09,REGULAR
181,Lauren Keller,lauren.keller266@gmail.com,2025-06-02 06:31:38,PREMIUM
182,Haley Arnold,haley.arnold284@hotmail.com,2025-02-14 13:26:38,REGULAR
183,Frank Lopez,frank.lopez642@hotmail.com,2024-07-14 13:20:59,REGULAR
184,Cynthia Rowe,cynthia.rowe731@gmail.com,2024-11-14 20:30:25,REGULAR
185,Michele Shepherd,michele.shepherd328@yahoo.com,2026-05-05 14:08:48,REGULAR
186,Marissa Hernandez,marissa.hernandez155@gmail.com,2024-01-21 16:50:09,REGULAR
187,Leslie Kane,leslie.kane724@yahoo.com,2023-12-11 11:33:19,REGULAR
188,Joyce Bowen,joyce.bowen339@yahoo.com,2026-04-21 18:03:03,REGULAR
189,Angela Harrington,angela.harrington212@yahoo.com,2024-12-16 12:30:41,REGULAR
190,Jennifer Miller,jennifer.miller789@yahoo.com,2026-05-22 03:54:12,REGULAR
191,Jamie Stewart,jamie.stewart878@hotmail.com,2025-08-05 14:02:04,REGULAR
192,Amanda Jones,amanda.jones489@,2026-06-06 18:17:57,REGULAR
193,Yolanda Francis,yolanda.francis400@yahoo.com,2023-12-09 12:15:34,VIP
194,Michele Garcia,michele.garcia430@gmail.com,2026-06-21 16:16:21,PREMIUM
195,Allen Nguyen,allen.nguyen820@gmail.com,2024-10-07 07:34:38,REGULAR
196,Jeffrey Sanchez,jeffrey.sanchez225@yahoo.com,2025-12-04 17:21:40,REGULAR
197,Catherine Thompson,catherine.thompson399@hotmail.com,2025-02-22 20:19:08,REGULAR
198,Cynthia Durham,cynthia.durham415@gmail.com,2024-07-04 06:38:47,PREMIUM
199,David Scott,david.scott942@gmail.com,2025-07-01 07:55:56,REGULAR
200,Megan Moore,megan.moore28@yahoo.com,2024-12-27 09:39:14,REGULAR
201,Elizabeth Hayden DDS,elizabeth.hayden.dds679@yahoo.com,2024-10-20 21:56:46,REGULAR
202,James Webb,james.webb139@gmail.com,2025-02-21 00:19:31,REGULAR
203,Laura Haney,laura.haney267@yahoo.com,2023-08-12 16:00:04,REGULAR
204,Mary Hill,mary.hill335@hotmail.com,2026-06-08 22:29:31,PREMIUM
205,Valerie Lozano,valerie.lozano285@hotmail.com,2025-08-19 05:22:09,PREMIUM
206,Stephanie Parsons,stephanie.parsons259@gmail.com,2026-02-06 15:03:26,REGULAR
207,Colleen Lee,colleen.lee768@yahoo.com,2026-05-27 10:55:27,VIP
208,Patricia Becker,patricia.becker359@gmail.com,2026-03-11 12:49:15,REGULAR
209,Mark Williams,mark.williams981@yahoo.com,2023-08-30 09:57:13,PREMIUM
210,Morgan Davis,morgan.davis973@yahoo.com,2024-11-28 03:00:20,PREMIUM
211,Casey Anderson,casey.anderson637@hotmail.com,2025-01-27 22:11:28,REGULAR
212,Susan Rivas,susan.rivas686@yahoo.com,2025-07-27 02:37:22,VIP
213,Elizabeth Harrell,elizabeth.harrell477@gmail.com,2025-07-06 02:41:36,PREMIUM
214,Brenda Levy,brenda.levy172@hotmail.com,2026-05-22 05:43:13,VIP
215,Tracy Ballard,tracy.ballard736@yahoo.com,2023-11-26 20:46:08,PREMIUM
216,Alexis Herrera,alexis.herrera988@yahoo.com,2025-02-01 03:54:11,REGULAR
217,Megan Richards,megan.richards952@hotmail.com,2025-02-05 15:34:30,REGULAR
218,David Johnson,david.johnson982@hotmail.com,2024-11-30 02:59:39,VIP
219,Connie Brown,connie.brown204@yahoo.com,2026-07-02 16:05:06,REGULAR
220,Jason Taylor,jason.taylor643@gmail.com,2024-10-24 09:34:04,REGULAR
221,Audrey Young DDS,audrey.young.dds309@yahoo.com,2025-06-13 07:05:56,REGULAR
222,Travis Horton,travis.horton124@hotmail.com,2025-04-20 16:12:42,REGULAR
223,Molly Mcclure,molly.mcclure43@hotmail.com,2023-12-10 09:49:40,REGULAR
224,Lisa Crosby,lisa.crosby380@yahoo.com,2023-08-29 09:47:07,REGULAR
225,Claudia Wallace,claudia.wallace13@gmail.com,2025-01-22 23:56:58,PREMIUM
226,Michael Stephens,michael.stephens109@hotmail.com,2025-01-16 18:21:50,REGULAR
227,Donald Donaldson,donald.donaldson913@yahoo.com,2023-11-28 23:52:00,PREMIUM
228,Maria Harper,maria.harper446@gmail.com,2023-09-26 03:44:14,REGULAR
229,Dana Martinez,dana.martinez667@hotmail.com,2024-05-23 08:39:08,PREMIUM
230,Phillip Clark,phillip.clark552@gmail.com,2024-07-05 12:51:15,REGULAR
231,Charles Lester,charles.lester846@gmail.com,2024-09-12 07:35:21,REGULAR
232,Brianna Anderson,brianna.anderson873@yahoo.com,2024-04-05 15:45:29,VIP
233,Sean Anderson,sean.anderson286@yahoo.com,2024-07-13 04:46:01,REGULAR
234,Alexis Baker,alexis.baker476@gmail.com,2025-04-23 12:34:51,REGULAR
235,Nichole Alvarez,nichole.alvarez345@yahoo.com,2025-09-13 20:55:54,PREMIUM
236,Jodi Walker,jodi.walker187@hotmail.com,2023-09-14 22:47:58,REGULAR
237,Susan Hopkins,susan.hopkins265@yahoo.com,2025-06-20 03:05:48,PREMIUM
238,Amanda Lutz,amanda.lutz719@yahoo.com,2025-05-01 18:39:58,REGULAR
239,Katherine Browning,katherine.browning530@gmail.com,2023-11-12 02:07:16,REGULAR
240,Charles Martinez,charles.martinez738@hotmail.com,2026-03-19 00:50:41,REGULAR
241,Michelle James,michelle.james247@hotmail.com,2025-10-10 18:37:35,REGULAR
242,Jonathan Jordan,jonathan.jordan503@hotmail.com,2024-01-03 07:41:58,REGULAR
243,Marilyn Mack,marilyn.mack302@hotmail.com,2024-06-07 14:40:29,REGULAR
244,Stephen Gutierrez,stephen.gutierrez314@yahoo.com,2025-03-19 23:46:21,REGULAR
245,Brandon Simmons,brandon.simmons567@hotmail.com,2024-08-08 13:00:51,REGULAR
246,Christian Leblanc,christian.leblanc764@gmail.com,2023-11-28 07:08:25,REGULAR
247,Anna Davis,anna.davis465@hotmail.com,2025-02-07 11:18:56,REGULAR
248,Kristie Willis,kristie.willis124@hotmail.com,2025-11-28 03:06:29,REGULAR
249,Bryan Gomez,bryan.gomez761@hotmail.com,2025-04-26 14:15:45,PREMIUM
250,Michelle Schmitt,michelle.schmitt190@hotmail.com,2024-11-05 22:58:23,PREMIUM
251,Kenneth Lewis,kenneth.lewis284@hotmail.com,2025-07-27 15:21:27,VIP
252,Brian Bruce,brian.bruce538@yahoo.com,2024-01-04 01:16:07,VIP
253,Laura Aguirre,laura.aguirre853@hotmail.com,2026-03-01 09:34:38,REGULAR
254,Maria Johnson,maria.johnson184@hotmail.com,2026-06-20 20:30:49,PREMIUM
255,Christopher Park,christopher.park130@yahoo.com,2024-12-18 11:36:55,VIP
256,Christopher Thomas,christopher.thomas567@hotmail.com,2025-03-23 04:21:26,VIP
257,Patrick Bonilla,patrick.bonilla654@gmail.com,2025-10-10 15:51:43,REGULAR
258,Jason Peterson,jason.peterson894@,2024-11-04 16:43:01,REGULAR
259,Paula Bradley,paula.bradley452@gmail.com,2023-09-29 07:25:59,VIP
260,Paul Williams,paul.williams259@gmail.com,2024-09-04 06:45:47,REGULAR
261,Jeff Lawson,jeff.lawson842@yahoo.com,2024-09-05 22:25:55,REGULAR
262,Jose Reed,jose.reed591@gmail.com,2024-09-21 14:13:39,REGULAR
263,Leslie Rose,leslie.rose153@yahoo.com,2023-09-18 03:18:57,VIP
264,William Brown,william.brown88@gmail.com,2024-10-19 19:45:43,REGULAR
265,Pamela Duran,pamela.duran783@yahoo.com,2024-11-30 07:19:19,REGULAR
266,Jonathan Jordan,jonathan.jordan634@gmail.com,2025-02-19 05:11:41,REGULAR
267,Crystal Hansen,crystal.hansen462@hotmail.com,2025-01-09 18:20:35,REGULAR
268,Scott Williams,scott.williams603@gmail.com,2025-06-22 18:54:52,REGULAR
269,Shannon Johnston,shannon.johnston636@hotmail.com,2025-03-28 20:00:42,VIP
270,Jennifer Wilson,jennifer.wilson102@gmail.com,2024-11-25 02:16:09,REGULAR
271,Travis Stevens,travis.stevens217@hotmail.com,2025-01-21 16:52:48,REGULAR
272,Ryan Sanchez,ryan.sanchez246@hotmail.com,2025-03-22 15:53:06,REGULAR
273,Jennifer Collins,jennifer.collins3@yahoo.com,2024-06-17 18:50:20,REGULAR
274,Christopher Dixon,christopher.dixon482@gmail.com,2025-10-10 20:24:55,REGULAR
275,Susan Bailey,susan.bailey724@hotmail.com,2026-04-07 05:53:31,PREMIUM
276,Cynthia Thomas,cynthia.thomas73@gmail.com,2024-04-04 02:32:46,VIP
277,Paige Rios,paige.rios807@gmail.com,2026-03-11 01:39:39,REGULAR
278,Paul Wolf MD,paul.wolf.md824@hotmail.com,2026-04-03 10:30:24,REGULAR
279,Lori Lin,lori.lin558@hotmail.com,2024-11-11 16:32:46,REGULAR
280,Barry Ramos,barry.ramos273@yahoo.com,2024-09-08 06:36:37,REGULAR
281,Heather Jones,heather.jones170@yahoo.com,2025-06-10 14:36:14,REGULAR
282,Jacob Mitchell,jacob.mitchell845@hotmail.com,2023-11-26 20:31:53,REGULAR
283,Katie Ford,katie.ford128@hotmail.com,2023-09-11 07:28:17,REGULAR
284,Robert Pearson,robert.pearson413@yahoo.com,2026-02-03 10:17:10,REGULAR
285,Chris Brown,chris.brown506@gmail.com,2024-12-24 02:19:19,REGULAR
286,Mrs. Maria Williams,mrs..maria.williams911@hotmail.com,2025-05-19 14:50:42,REGULAR
287,Kelly Bishop MD,kelly.bishop.md257@yahoo.com,2025-03-02 09:58:12,REGULAR
288,George Harper,george.harper691@hotmail.com,2026-04-10 03:19:36,REGULAR
289,Gary Grant,gary.grant974@yahoo.com,2024-09-22 23:48:03,PREMIUM
290,Samuel Brandt,samuel.brandt842@hotmail.com,2024-02-28 04:21:28,REGULAR
291,Kevin Thomas,kevin.thomas775@yahoo.com,2024-11-02 12:18:40,REGULAR
292,Melissa Myers,melissa.myers453@hotmail.com,2023-11-18 04:35:15,REGULAR
293,James Conner,james.conner600@gmail.com,2026-05-15 13:47:02,PREMIUM
294,Theresa Osborn,theresa.osborn993@hotmail.com,2023-12-01 18:12:46,REGULAR
295,Jessica Cox,jessica.cox342@yahoo.com,2024-10-31 09:23:44,REGULAR
296,Daniel Meza,daniel.meza165@yahoo.com,2024-05-02 20:30:28,REGULAR
297,Chad Jones,chad.jones296@gmail.com,2025-09-05 06:04:41,REGULAR
298,Sandy Stephenson,sandy.stephenson779@gmail.com,2026-05-02 20:32:40,REGULAR
299,Ralph Anderson,ralph.anderson323@yahoo.com,2024-03-05 04:59:37,REGULAR
300,Ronald Wise,ronald.wise792@gmail.com,2025-05-19 11:40:52,REGULAR
301,Jackson Ball,jackson.ball2@yahoo.com,2026-02-12 02:40:52,REGULAR
302,Paul Cole,paul.cole424@hotmail.com,2024-07-15 02:52:54,REGULAR
303,Robert Harrison,robert.harrison638@gmail.com,2025-01-31 00:08:19,REGULAR
304,Laura Alexander,laura.alexander779@yahoo.com,2025-02-21 19:16:12,REGULAR
305,Jennifer Martin,jennifer.martin135@gmail.com,2026-02-02 21:31:16,REGULAR
306,David Davidson,david.davidson716@yahoo.com,2025-11-17 00:48:40,REGULAR
307,Michelle Black,michelle.black646@gmail.com,2024-09-24 09:57:12,REGULAR
308,Christopher Cole,christopher.cole163@hotmail.com,2024-02-23 11:35:23,REGULAR
309,Anna Lozano,anna.lozano418@yahoo.com,2025-01-02 15:30:36,VIP
310,Jennifer Sanders,jennifer.sanders935@yahoo.com,2024-07-09 20:28:39,VIP
311,Brad Walker,brad.walker664@yahoo.com,2023-12-10 12:07:13,REGULAR
312,Marie Moody,marie.moody734@gmail.com,2023-09-07 02:04:49,PREMIUM
313,Ronald Horton,ronald.horton426@gmail.com,2025-07-07 07:43:37,VIP
314,Aaron Miller,aaron.miller250@yahoo.com,2024-06-08 14:13:31,REGULAR
315,Kimberly Acosta,kimberly.acosta196@hotmail.com,2025-04-27 02:06:54,REGULAR
316,Dwayne Turner,dwayne.turner901@gmail.com,2024-07-13 23:42:10,REGULAR
317,Riley Bryant,riley.bryant792@gmail.com,2025-08-24 01:01:04,REGULAR
318,Alexis Robertson,alexis.robertson957@gmail.com,2024-02-17 14:57:59,REGULAR
319,Aaron Gomez,aaron.gomez3@hotmail.com,2025-04-16 16:47:58,REGULAR
320,Michael Mills,michael.mills602@yahoo.com,2023-10-22 17:18:06,REGULAR
321,Kimberly Hartman,kimberly.hartman887@hotmail.com,2025-11-16 10:18:58,REGULAR
322,Shane Williams,shane.williams354@yahoo.com,2025-02-08 11:45:20,PREMIUM
323,Alan Kramer,alan.kramer387@yahoo.com,2024-07-18 03:51:35,REGULAR
324,Lori Ingram,lori.ingram194@hotmail.com,2024-12-07 03:13:34,REGULAR
325,Harold Morgan,harold.morgan393@hotmail.com,2024-04-06 13:49:46,PREMIUM
326,Melinda Pollard,melinda.pollard45@yahoo.com,2026-03-16 22:51:12,REGULAR
327,Chad Baldwin,chad.baldwin936@yahoo.com,2023-09-05 00:53:22,REGULAR
328,Andrew Gonzalez,andrew.gonzalez680@gmail.com,2024-11-10 20:17:55,REGULAR
329,Kaylee Hays,kaylee.hays156@hotmail.com,2025-07-13 23:39:23,REGULAR
330,Paul Lee,paul.lee515@yahoo.com,2023-09-21 20:17:50,REGULAR
331,Evelyn Martinez,evelyn.martinez103@yahoo.com,2025-05-18 08:45:43,REGULAR
332,Natalie Kline,natalie.kline539@yahoo.com,2024-12-17 06:14:07,REGULAR
333,Kathleen Jimenez,kathleen.jimenez148@hotmail.com,2024-08-26 22:06:07,REGULAR
334,Monica Miller,monica.miller159@hotmail.com,2024-04-14 21:56:21,PREMIUM
335,Erica Miller,erica.miller272@hotmail.com,2024-10-10 20:17:24,REGULAR
336,Lance Simmons,lance.simmons666@hotmail.com,2025-05-29 04:08:16,REGULAR
337,Andrew Berg,andrew.berg691@yahoo.com,2026-02-18 17:21:30,REGULAR
338,Mrs. Veronica Gould MD,mrs..veronica.gould.md325@hotmail.com,2025-03-31 14:38:56,PREMIUM
339,Robert Shelton,robert.shelton500@gmail.com,2024-02-16 09:14:17,REGULAR
340,Megan Kim,megan.kim71@gmail.com,2023-10-22 00:40:31,REGULAR
341,Matthew Cox,matthew.cox295@hotmail.com,2023-08-28 21:26:46,PREMIUM
342,Meghan Rush,meghan.rush445@yahoo.com,2025-05-29 05:17:24,PREMIUM
343,Laura Moreno,laura.moreno721@yahoo.com,2024-11-08 23:10:21,REGULAR
344,Danielle Wilson,danielle.wilson711@hotmail.com,2024-04-23 14:24:28,REGULAR
345,Mr. Justin Green III,mr..justin.green.iii333@yahoo.com,2024-06-06 21:47:56,REGULAR
346,Donna Hendricks DDS,donna.hendricks.dds384@gmail.com,2024-02-05 10:21:21,REGULAR
347,Jodi Roach,jodi.roach422@yahoo.com,2023-11-22 23:06:35,PREMIUM
348,Tracy Downs,tracy.downs175@hotmail.com,2024-12-30 06:59:15,REGULAR
349,Krista Roberts,krista.roberts392@yahoo.com,2024-03-10 06:15:18,REGULAR
350,Tammy Little,tammy.little935@yahoo.com,2025-09-06 21:49:22,REGULAR
351,William Conner,william.conner654@gmail.com,2025-08-15 00:30:24,REGULAR
352,Julian Wood,julian.wood10@hotmail.com,2024-01-27 04:15:21,REGULAR
353,Angelica Parker,angelica.parker295@hotmail.com,2025-07-22 03:57:45,REGULAR
354,Patricia Morrow,patricia.morrow453@gmail.com,2024-01-20 06:33:17,VIP
355,Maria Cole,maria.cole307@hotmail.com,2025-09-20 06:36:47,REGULAR
356,Shawn Deleon,shawn.deleon257@hotmail.com,2026-01-07 16:17:02,REGULAR
357,Vincent Reynolds,vincent.reynolds394@gmail.com,2024-01-18 11:05:45,REGULAR
358,Elizabeth Martin,elizabeth.martin391@hotmail.com,2024-06-23 20:10:31,REGULAR
359,Todd Jacobson,todd.jacobson717@gmail.com,2024-08-01 21:16:37,VIP
360,Tyler Hill,tyler.hill675@hotmail.com,2024-10-22 00:09:12,REGULAR
361,Anna Davidson,anna.davidson886@hotmail.com,2025-12-27 14:06:16,PREMIUM
362,Matthew Le,matthew.le51@hotmail.com,2024-12-15 01:24:15,PREMIUM
363,Kristy Bryan,kristy.bryan853@gmail.com,2023-11-12 18:14:29,REGULAR
364,Martin Ray,martin.ray819@hotmail.com,2024-06-01 01:32:23,PREMIUM
365,Jennifer Fowler,jennifer.fowler225@yahoo.com,2026-03-09 20:24:10,REGULAR
366,Maria Turner,maria.turner695@gmail.com,2026-06-07 16:20:36,PREMIUM
367,Jesse Barker,jesse.barker698@gmail.com,2025-05-22 11:42:53,REGULAR
368,John Peterson,john.peterson926@gmail.com,2024-11-06 03:57:14,REGULAR
369,Emma Travis,emma.travis808@yahoo.com,2025-03-19 23:15:59,REGULAR
370,Jacob Hoffman,jacob.hoffman750@yahoo.com,2024-07-19 02:40:28,PREMIUM
371,Derek Wright,derek.wright335@gmail.com,2023-09-26 04:44:09,REGULAR
372,James Gilbert,james.gilbert136@gmail.com,2024-03-13 16:04:07,PREMIUM
373,Taylor Griffith,taylor.griffith375@gmail.com,2024-03-13 02:44:58,PREMIUM
374,Mr. Jonathan Parker Jr.,mr..jonathan.parker.jr.851@yahoo.com,2025-09-01 18:22:09,PREMIUM
375,David Aguilar,david.aguilar967@gmail.com,2023-09-26 02:19:00,PREMIUM
376,Kyle Cameron,kyle.cameron765@hotmail.com,2025-07-09 14:47:00,PREMIUM
377,Adam Rodriguez,adam.rodriguez480@gmail.com,2024-08-23 10:17:53,REGULAR
378,Pamela Diaz,pamela.diaz990@yahoo.com,2023-09-27 01:19:50,REGULAR
379,Chloe Tran,chloe.tran691@gmail.com,2025-02-28 18:09:43,VIP
380,Pamela Ramirez,pamela.ramirez824@hotmail.com,2026-05-31 13:08:01,REGULAR
381,Betty Davis,betty.davis405@yahoo..com,2024-12-17 08:03:00,REGULAR
382,Holly Thomas,holly.thomas378@hotmail.com,2025-09-07 11:29:49,REGULAR
383,Andrew Williams,andrew.williams599@hotmail.com,2024-12-07 22:41:28,REGULAR
384,Kelly Hernandez,kelly.hernandez381@hotmail.com,2024-02-11 17:26:48,REGULAR
385,Louis Martin,louis.martin26@hotmail.com,2024-10-16 10:17:55,VIP
386,Katie Hicks,katie.hicks336@yahoo.com,2025-11-30 01:22:17,REGULAR
387,Robert Richardson,robert.richardson65@hotmail.com,2023-12-26 20:23:20,REGULAR
388,Lauren Robles,lauren.robles718@hotmail.com,2026-06-12 10:09:37,REGULAR
389,Linda Baker,linda.baker144@hotmail.com,2025-12-24 05:07:12,REGULAR
390,Mikayla Silva,mikayla.silva505@gmail.com,2025-09-30 22:49:54,REGULAR
391,Lisa Randall,lisa.randall551@gmail.com,2026-06-01 01:22:19,REGULAR
392,Kenneth Graves,kenneth.graves687@gmail.com,2023-08-08 00:04:12,REGULAR
393,Jason Gutierrez,jason.gutierrez554@gmail.com,2025-04-07 02:00:45,PREMIUM
394,Lisa Ruiz,lisa.ruiz159@hotmail.com,2023-10-14 08:02:54,REGULAR
395,Kelly Hoffman,kelly.hoffman854@hotmail.com,2025-07-21 16:59:48,REGULAR
396,Emily Thompson,emily.thompson975@hotmail.com,2024-12-22 08:54:36,REGULAR
397,Megan Dillon,megan.dillon223@hotmail.com,2026-04-03 22:20:07,VIP
398,Deborah Washington,deborah.washington876@gmail.com,2024-09-15 00:08:46,VIP
399,Courtney Dudley,courtney.dudley377@yahoo.com,2024-09-30 12:53:20,VIP
400,Melissa Burns,melissa.burns368@yahoo.com,2025-01-01 10:21:31,REGULAR
401,Taylor Griffith,taylor.griffith992@yahoo.com,2024-01-14 21:49:47,PREMIUM
402,Kimberly Huang,kimberly.huang466@yahoo.com,2024-12-26 17:35:13,REGULAR
403,Regina Roberts,regina.roberts655@yahoo.com,2023-11-09 08:27:53,REGULAR
404,Jeremy Scott,jeremy.scott806@yahoo.com,2024-06-06 00:02:25,VIP
405,Joshua Fitzpatrick,joshua.fitzpatrick806@hotmail.com,2024-09-03 12:48:58,REGULAR
406,Luis Matthews,luis.matthews784@gmail.com,2023-09-26 10:42:22,REGULAR
407,Kiara Little,kiara.little833@gmail.com,2023-12-12 05:41:04,REGULAR
408,Mitchell Garcia,mitchell.garcia152@gmail.com,2023-07-17 15:12:43,REGULAR
409,Vanessa Moore,vanessa.moore284@hotmail.com,2025-07-17 13:24:07,REGULAR
410,Curtis Maynard,curtis.maynard134@yahoo.com,2024-09-24 23:05:20,PREMIUM
411,Susan Davis,susan.davis113@hotmail.com,2024-07-04 07:49:49,REGULAR
412,Miranda Zuniga,miranda.zuniga16@gmail.com,2025-04-18 17:54:54,PREMIUM
413,Casey Gillespie,casey.gillespie603@yahoo.com,2025-08-17 03:17:03,REGULAR
414,Paul Brennan,paul.brennan54@yahoo.com,2023-09-05 18:52:27,REGULAR
415,Keith Rodriguez,keith.rodriguez117@yahoo.com,2024-09-23 15:15:40,REGULAR
416,Martin Warren,martin.warren797@gmail.com,2025-08-30 20:26:41,REGULAR
417,Corey Rodriguez,corey.rodriguez463@gmail.com,2025-06-21 11:36:19,VIP
418,Michelle Smith,michelle.smith45@yahoo.com,2024-10-09 21:20:07,PREMIUM
419,Nicole Thompson,nicole.thompson675@hotmail.com,2025-03-30 11:48:38,REGULAR
420,Kaylee Miller,kaylee.miller988@hotmail.com,2023-12-04 18:14:54,VIP
421,Charles Morris,charles.morris868@gmail.com,2023-07-20 04:40:45,REGULAR
422,David Molina,david.molina503@yahoo.com,2024-10-20 15:23:26,REGULAR
423,Laura Green,laura.green921@yahoo.com,2026-06-19 18:19:08,REGULAR
424,Michael Marshall,michael.marshall68@gmail.com,2025-03-30 09:03:38,REGULAR
425,Tammy Barron,tammy.barron600@yahoo.com,2026-06-15 21:55:28,REGULAR
426,Thomas Phillips,thomas.phillips612@hotmail.com,2024-06-16 15:53:25,REGULAR
427,Casey Hernandez,casey.hernandez620@hotmail.com,2026-02-04 13:37:07,PREMIUM
428,Michael Durham,michael.durham118@hotmail.com,2026-05-06 05:16:08,REGULAR
429,Pamela Becker,pamela.becker788@hotmail.com,2023-11-13 18:22:48,PREMIUM
430,Kelsey Cox,kelsey.cox441@hotmail.com,2023-12-30 21:28:51,REGULAR
431,Joshua Wagner,joshua.wagner348@hotmail.com,2025-10-20 06:10:29,REGULAR
432,Garrett Meyer,garrett.meyer748@gmail.com,2026-05-31 09:16:43,REGULAR
433,Kevin Davis,kevin.davis682@hotmail.com,2025-05-31 14:49:56,VIP
434,Jody Palmer,jody.palmer704@yahoo.com,2025-12-01 14:10:00,REGULAR
435,Joel Roman,joel.roman852@hotmail.com,2023-08-12 09:41:43,REGULAR
436,Robert Reese,robert.reese763@hotmail.com,2023-10-31 00:46:19,PREMIUM
437,Gregory Brown,gregory.brown570@gmail.com,2023-10-24 19:15:14,VIP
438,Mrs. Donna White,mrs..donna.white576@gmail.com,2026-04-01 03:49:09,REGULAR
439,Maria Fisher,maria.fisher363@yahoo.com,2025-06-05 08:42:36,VIP
440,Susan Bennett,susan.bennett434@hotmail.com,2026-05-02 15:26:52,PREMIUM
441,Brandi Dalton,brandi.dalton992@gmail.com,2024-04-11 20:00:46,REGULAR
442,Jenna Anderson DVM,jenna.anderson.dvm107@gmail.com,2023-08-13 21:40:05,REGULAR
443,Julie Ball,julie.ball673@yahoo.com,2025-10-12 21:57:22,PREMIUM
444,David Murray,david.murray359@gmail.com,2024-09-09 19:00:02,REGULAR
445,Shaun Cannon,shaun.cannon781@gmail.com,2026-04-30 03:59:15,REGULAR
446,Ralph Stephenson,ralph.stephenson440@gmail.com,2024-07-17 10:43:25,VIP
447,Brian Johnson,brian.johnson839@hotmail.com,2026-05-18 12:53:27,REGULAR
448,Amber Yang,amber.yang571@yahoo.com,2025-05-21 11:45:13,VIP
449,Daniel Shields,daniel.shields850@gmail.com,2024-02-12 06:40:00,REGULAR
450,Donna Cabrera,donna.cabrera280@hotmail.com,2025-12-20 12:59:02,REGULAR
451,Kyle Chambers,kyle.chambers348@yahoo.com,2024-07-11 14:27:23,REGULAR
452,Charles Keller,charles.keller147@gmail.com,2025-04-12 00:40:33,REGULAR
453,Antonio Fry,antonio.fry146@hotmail.com,2024-04-06 15:28:20,VIP
454,Jessica Simpson,jessica.simpson94@yahoo.com,2026-04-03 22:35:42,REGULAR
455,Rachel Flores,rachel.flores430@yahoo.com,2025-04-03 19:02:21,REGULAR
456,James Webster,james.webster320@yahoo.com,2024-07-17 21:58:44,PREMIUM
457,Elizabeth Zimmerman,elizabeth.zimmerman582@yahoo.com,2023-10-07 02:24:35,PREMIUM
458,Tracy Grant,tracy.grant160@gmail.com,2025-03-03 23:20:44,REGULAR
459,Dalton Lucas,dalton.lucas691@yahoo.com,2025-02-05 00:48:20,REGULAR
460,Nathaniel Lee,nathaniel.lee435@yahoo.com,2025-02-14 11:52:30,REGULAR
461,Lindsey Russo,lindsey.russo280@gmail.com,2026-01-07 08:44:29,REGULAR
462,Kristin Mendoza,kristin.mendoza354@yahoo.com,2024-10-22 13:42:09,REGULAR
463,Alexis Giles,alexis.giles695@hotmail.com,2024-01-07 19:53:55,REGULAR
464,Nicole Rocha,nicole.rocha316@hotmail.com,2026-02-02 11:45:22,REGULAR
465,Jennifer Allen,jennifer.allen614@yahoo.com,2024-09-21 07:14:44,REGULAR
466,Joseph Howard,joseph.howard969@yahoo.com,2025-01-18 06:33:25,REGULAR
467,Kathleen Garcia,kathleen.garcia262@hotmail.com,2025-07-07 21:54:19,REGULAR
468,Erica Harris,erica.harris510@yahoo.com,2025-04-12 14:28:09,REGULAR
469,Sean Figueroa,sean.figueroa390@gmail.com,2024-08-17 16:23:50,REGULAR
470,Lauren Cortez,lauren.cortez573@yahoo.com,2024-03-02 08:20:35,PREMIUM
471,David Hudson,david.hudson74@gmail.com,2025-08-23 05:20:32,PREMIUM
472,Terri Morgan,terri.morgan447yahoo.com,2026-04-01 10:08:13,PREMIUM
473,Julia Oconnor,julia.oconnor590@yahoo.com,2024-03-28 12:43:01,REGULAR
474,Joshua White,joshua.white656@hotmail.com,2026-04-01 14:25:29,REGULAR
475,Kelly Combs,kelly.combs22@gmail.com,2026-05-12 14:54:54,REGULAR
476,Aaron Taylor,aaron.taylor971@hotmail.com,2024-07-03 02:29:46,PREMIUM
477,Chris Robinson,chris.robinson942@yahoo.com,2025-02-08 07:57:51,REGULAR
478,Mark Peck,mark.peck109@yahoo.com,2026-04-28 17:56:08,REGULAR
479,Aaron Arnold Jr.,aaron.arnold.jr.537@hotmail.com,2024-09-08 09:06:39,PREMIUM
480,Donna Shaw,donna.shaw764@hotmail.com,2026-05-21 15:48:13,REGULAR
481,Todd White,todd.white173@gmail.com,2025-10-01 04:32:19,REGULAR
482,Corey Fox,corey.fox544@yahoo.com,2024-08-27 20:37:20,PREMIUM
483,Angela Chung,angela.chung358@yahoo.com,2025-12-03 06:50:31,VIP
484,Michael Evans,michael.evans661@gmail.com,2026-04-20 03:04:04,REGULAR
485,Marie Johnson MD,marie.johnson.md150@yahoo.com,2025-11-14 04:14:13,REGULAR
486,Mark Warner,mark.warner157@gmail.com,2025-08-24 02:06:19,REGULAR
487,Maria Rivera,maria.rivera182@gmail.com,2025-10-07 01:14:07,REGULAR
488,Crystal Valenzuela,crystal.valenzuela476@hotmail.com,2025-12-06 01:16:42,PREMIUM
489,Anthony Jones,anthony.jones460@yahoo.com,2025-10-30 03:41:08,PREMIUM
490,Amanda Mcfarland,amanda.mcfarland659@yahoo.com,2023-08-02 21:48:35,REGULAR
491,Laurie Goodwin,laurie.goodwin885@hotmail.com,2025-03-19 07:35:08,REGULAR
492,Elizabeth Elliott,elizabeth.elliott451@hotmail.com,2025-03-05 02:50:37,REGULAR
493,Kimberly Reyes,kimberly.reyes311@hotmail.com,2024-02-11 23:46:12,REGULAR
494,Melissa Miller,melissa.miller361@hotmail.com,2024-12-27 20:36:38,REGULAR
495,Jeffrey Roberson,jeffrey.roberson463@yahoo.com,2026-02-03 16:21:35,REGULAR
496,Tina Sanders,tina.sanders294@yahoo.com,2023-08-24 14:33:30,PREMIUM
497,Rachel Hayes,rachel.hayes876@gmail.com,2025-01-12 07:38:12,REGULAR
498,Jaime Lopez,jaime.lopez394@hotmail.com,2026-04-30 21:40:04,REGULAR
499,Raymond Phillips,raymond.phillips811@gmail.com,2023-10-31 18:33:42,REGULAR
500,Christian Dawson,christian.dawson931@hotmail.com,2024-03-05 05:53:35,REGULAR
501,Emily Rodriguez,emily.rodriguez330@gmail.com,2024-10-30 11:04:39,REGULAR
502,Philip Garcia,philip.garcia981@gmail.com,2024-04-25 16:30:21,REGULAR
503,Justin Hunt,justin.hunt921@gmail.com,2023-08-19 09:08:55,VIP
504,Julian Carlson,julian.carlson87@yahoo.com,2025-02-27 00:44:40,REGULAR
505,Jason Maxwell,jason.maxwell254@hotmail.com,2025-11-24 19:04:05,VIP
506,Vanessa Armstrong,vanessa.armstrong537@gmail.com,2026-06-08 04:27:57,REGULAR
507,Charles Turner,charles.turner382@yahoo.com,2024-02-21 06:52:42,REGULAR
508,Jeffrey Fisher,jeffrey.fisher794@yahoo.com,2023-11-06 01:52:12,REGULAR
509,Tony Le,tony.le809@yahoo.com,2026-01-17 00:44:27,REGULAR
510,Judith Taylor,judith.taylor338@gmail.com,2025-03-15 06:30:00,REGULAR
511,Manuel Brock,manuel.brock291@yahoo.com,2025-05-23 10:44:02,PREMIUM
512,Robert Villarreal,robert.villarreal988@hotmail.com,2024-02-06 01:07:19,PREMIUM
513,Larry Dominguez,larry.dominguez342@yahoo.com,2024-11-08 15:38:08,REGULAR
514,James Flores,james.flores939@hotmail.com,2026-06-23 03:56:14,VIP
515,Tracy Casey,tracy.casey716@yahoo.com,2025-02-12 18:23:30,REGULAR
516,Richard Diaz,richard.diaz726@hotmail.com,2024-05-14 23:07:10,REGULAR
517,Kimberly Maldonado,kimberly.maldonado386@hotmail.com,2023-08-20 09:32:20,REGULAR
518,Julia Erickson,julia.erickson131@yahoo.com,2024-10-04 03:38:54,PREMIUM
519,Andrea Abbott,andrea.abbott757@yahoo.com,2026-05-20 00:27:33,PREMIUM
520,Mr. David Hopkins DDS,mr..david.hopkins.dds96@yahoo.com,2023-11-01 11:39:14,REGULAR
521,Kyle Aguilar,kyle.aguilar371@,2025-09-03 13:55:19,REGULAR
522,Sheila Barnes,sheila.barnes220@gmail.com,2025-01-18 02:15:53,PREMIUM
523,Robin Wheeler,robin.wheeler197@gmail.com,2023-12-26 11:37:17,REGULAR
524,Mary Kelly,mary.kelly80@hotmail.com,2026-02-15 08:19:18,PREMIUM
525,William Byrd,william.byrd520@yahoo.com,2024-12-05 16:51:17,PREMIUM
526,Jessica Smith,jessica.smith905@yahoo.com,2024-06-18 10:50:02,REGULAR
527,Kelly Carpenter,kelly.carpenter898@hotmail.com,2024-06-16 22:41:39,REGULAR
528,James Barton,james.barton386@hotmail.com,2026-06-16 03:24:08,REGULAR
529,Haley Johnson,haley.johnson710@gmail.com,2024-10-10 12:32:43,PREMIUM
530,Vernon Wilson,vernon.wilson170@hotmail.com,2024-02-14 16:04:02,REGULAR
531,Grant Mueller,grant.mueller374@hotmail.com,2025-07-28 18:49:12,REGULAR
532,Brent Bowen,brent.bowen455@yahoo.com,2024-11-15 23:50:27,PREMIUM
533,Andrew Page,andrew.page803@gmail.com,2024-12-23 12:54:24,REGULAR
534,Megan Martin,megan.martin317@hotmail.com,2024-07-22 11:46:03,PREMIUM
535,Kristen Rivera,kristen.rivera926@yahoo.com,2025-06-26 08:39:41,REGULAR
536,Jared Lopez,jared.lopez970@hotmail.com,2026-04-25 16:14:56,REGULAR
537,Allen Mendez,allen.mendez788@gmail.com,2025-06-06 23:24:18,REGULAR
538,Jasmine Bush,jasmine.bush541@gmail.com,2024-09-13 23:28:52,REGULAR
539,Rhonda Brown,rhonda.brown205@gmail.com,2025-10-20 14:42:25,REGULAR
540,Gabriel Ellis,gabriel.ellis257@yahoo.com,2026-05-16 11:35:43,REGULAR
541,Kelsey Fowler,kelsey.fowler381@hotmail.com,2025-03-04 07:33:20,REGULAR
542,Laurie Bailey,laurie.bailey867@yahoo.com,2026-02-22 14:58:58,REGULAR
543,Michael Mcbride,michael.mcbride86@hotmail.com,2026-01-11 09:06:19,REGULAR
544,Cesar Wilson,cesar.wilson928@yahoo.com,2024-01-07 06:12:18,PREMIUM
545,Michael Dixon,michael.dixon94@yahoo.com,2026-01-21 02:24:00,REGULAR
546,James Lopez,james.lopez462@hotmail.com,2025-10-21 08:59:06,VIP
547,Maria Cooke,maria.cooke425@hotmail.com,2024-03-24 19:13:53,REGULAR
548,Charles Edwards MD,charles.edwards.md242@gmail.com,2025-01-17 07:59:03,REGULAR
549,Kari Lee,kari.lee230@yahoo.com,2025-11-27 23:19:52,VIP
550,Kathleen Cohen,kathleen.cohen860@yahoo.com,2025-05-29 02:01:34,REGULAR
551,Bradley Johnson DDS,bradley.johnson.dds150@yahoo.com,2023-08-29 08:59:42,REGULAR
552,Joshua Jackson,joshua.jackson850@yahoo.com,2025-12-04 07:00:41,PREMIUM
553,Pamela Dunn,pamela.dunn778@gmail.com,2025-12-15 06:21:41,REGULAR
554,Reginald Morrow,reginald.morrow6@yahoo.com,2025-10-28 14:52:32,REGULAR
555,Amanda Ball,amanda.ball221@hotmail.com,2024-06-13 01:52:03,REGULAR
556,Ashley Greer PhD,ashley.greer.phd745@yahoo.com,2023-08-28 15:40:12,REGULAR
557,Gregory Montoya,gregory.montoya795@yahoo.com,2024-01-07 22:30:07,REGULAR
558,Cynthia Cochran,cynthia.cochran49@hotmail.com,2026-06-14 02:47:46,REGULAR
559,Michael Chen,michael.chen638@gmail.com,2026-02-20 17:48:56,REGULAR
560,Daniel Clark,daniel.clark927@gmail.com,2025-12-11 03:56:45,REGULAR
561,Douglas Ryan,douglas.ryan648@yahoo.com,2026-07-07 07:03:38,REGULAR
562,Kenneth Farley,kenneth.farley148@hotmail.com,2026-05-29 20:08:52,REGULAR
563,Brandy Brady,brandy.brady362@yahoo.com,2023-10-09 16:22:18,REGULAR
564,Sharon Martinez DVM,sharon.martinez.dvm681@gmail.com,2024-02-21 18:23:04,REGULAR
565,Sandra Juarez,sandra.juarez370@hotmail.com,2025-03-10 14:58:44,REGULAR
566,Kenneth Adams MD,kenneth.adams.md520@yahoo.com,2023-11-03 21:29:04,REGULAR
567,Sheryl Davis,sheryl.davis21@hotmail.com,2024-09-13 19:02:21,REGULAR
568,Sherry Gibson,sherry.gibson651@yahoo.com,2024-11-29 00:15:45,REGULAR
569,Sheila Boone,sheila.boone766gmail.com,2025-06-20 18:15:39,REGULAR
570,Melissa Horn,melissa.horn751@hotmail.com,2025-03-18 09:57:22,REGULAR
571,Jeffrey Lewis,jeffrey.lewis596@yahoo.com,2024-11-22 03:19:08,REGULAR
572,Gail Lane,gail.lane46@hotmail.com,2025-08-01 12:44:32,REGULAR
573,Stephanie Farmer,stephanie.farmer659@gmail.com,2023-12-11 06:26:57,PREMIUM
574,Sara Smith,sara.smith476@gmail.com,2025-05-25 02:21:59,REGULAR
575,William Patterson,william.patterson187@hotmail.com,2024-01-30 12:06:36,REGULAR
576,Elizabeth Baxter,elizabeth.baxter795@yahoo.com,2023-12-01 14:00:02,REGULAR
577,Danielle Watson,danielle.watson207@hotmail.com,2024-03-22 17:15:22,REGULAR
578,Mario Barber,mario.barber43@gmail.com,2025-05-06 08:55:23,REGULAR
579,Michele Smith,michele.smith408@yahoo.com,2023-11-07 15:48:00,REGULAR
580,Darrell Frazier,darrell.frazier260@gmail.com,2023-07-22 02:37:41,REGULAR
581,Ruth Mcneil,ruth.mcneil293@yahoo.com,2026-06-21 17:23:06,PREMIUM
582,Benjamin Reyes,benjamin.reyes887@hotmail.com,2023-12-15 16:47:44,REGULAR
583,Jacob Evans,jacob.evans819@yahoo.com,2024-02-01 10:05:06,PREMIUM
584,Megan Jones,megan.jones762@hotmail.com,2023-07-22 17:59:42,VIP
585,Carly Bell,carly.bell348@gmail.com,2026-03-11 06:33:17,REGULAR
586,Tamara Jensen,tamara.jensen510@yahoo.com,2024-06-11 01:30:09,PREMIUM
587,Brian Goodwin,brian.goodwin274@hotmail.com,2025-02-25 03:46:52,PREMIUM
588,Jeffrey Moody,jeffrey.moody81@gmail.com,2024-09-11 20:08:11,VIP
589,Danielle Burke,danielle.burke185@hotmail.com,2026-02-07 10:44:47,REGULAR
590,Todd Johnson,todd.johnson82@hotmail.com,2024-10-20 04:20:10,REGULAR
591,Lawrence Lopez,lawrence.lopez457@yahoo.com,2024-10-10 16:38:24,REGULAR
592,Rachel Leon,rachel.leon707@gmail.com,2025-08-16 08:47:07,REGULAR
593,David Little,david.little745@gmail.com,2025-10-07 05:58:55,REGULAR
594,Alexandria Ward,alexandria.ward446@yahoo.com,2024-01-30 14:42:44,VIP
595,Ryan Fisher,ryan.fisher971@hotmail.com,2026-06-04 11:57:32,REGULAR
596,John Archer,john.archer416@gmail.com,2023-08-04 12:15:35,PREMIUM
597,Alexis Lewis,alexis.lewis696@gmail.com,2025-03-18 19:37:05,REGULAR
598,Lori Mason,lori.mason870@yahoo.com,2025-04-27 14:03:47,PREMIUM
599,Angela Herrera,angela.herrera36@hotmail.com,2024-03-02 18:22:24,REGULAR
600,Eric Dixon,eric.dixon661@gmail.com,2024-03-06 22:54:47,REGULAR
