product_id,name,price
1,Well Item,2955.34
2,Heart Item,4994.57
3,Central Item,2473.72
4,Hope Item,785.55
5,Condition Item,2715.97
6,Who Item,1758.36
7,View Item,2781.99
8,Dinner Item,2739.98
9,So Item,2303.96
10,Under Item,1642.8
11,Mr Item,983.83
12,Site Item,3502.62
13,Sure Item,2880.4
14,Quickly Item,1206.13
15,If Item,3888.95
16,Same Item,266.05
17,Under Item,3736.29
18,Up Item,3540.88
19,Who Item,4066.47
20,Note Item,1961.09
21,Society Item,3335.26
22,Girl Item,4112.7
23,Heavy Item,4905.05
24,Quality Item,2501.88
25,Sea Item,233.25
26,Summer Item,2536.34
27,Mean Item,2971.39
28,Hour Item,4355.02
29,Board Item,4377.24
30,Sell Item,2229.52
31,Thus Item,2653.46
32,Article Item,2311.79
33,Plant Item,3626.1
34,Miss Item,2079.39
35,Back Item,3291.17
36,Common Item,814.09
37,Hundred Item,2373.98
38,Final Item,4847.56
39,Argue Item,1725.88
40,Strong Item,3478.89
41,Number Item,3266.69
42,Seem Item,4266.24
43,Experience Item,4269.09
44,Next Item,4303.74
45,Goal Item,1931.05
46,Message Item,1617.47
47,Describe Item,3607.65
48,Environment Item,3809.04
49,Discussion Item,4368.3
50,Popular Item,227.7
51,Name Item,388.68
52,Per Item,3174.25
53,Military Item,4608.6
54,Film Item,4987.26
55,Growth Item,3746.49
56,Audience Item,2198.16
57,The Item,537.29
58,Watch Item,3187.05
59,Toward Item,4369.27
60,Deal Item,2246.21
61,Positive Item,3485.31
62,Real Item,4521.95
63,Beyond Item,277.66
64,Leave Item,3990.91
65,Effort Item,1502.17
66,Receive Item,1905.46
67,Might Item,770.57
68,Vote Item,2679.27
69,Staff Item,2851.34
70,Fire Item,3972.97
71,Management Item,891.42
72,Opportunity Item,440.89
73,Best Item,4360.66
74,Hotel Item,3117.57
75,Sit Item,1242.11
76,Produce Item,4568.5
77,Able Item,758.43
78,Foot Item,2332.69
79,Role Item,1307.19
80,Simply Item,1313.87
81,White Item,96.52
82,Measure Item,4032.93
83,Surface Item,4510.99
84,Help Item,3404.17
85,Make Item,831.98
86,Game Item,2236.56
87,Game Item,1760.55
88,Huge Item,2958.48
89,Theory Item,3212.75
90,Question Item,2150.33
91,Act Item,1287.99
92,Respond Item,4234.25
93,Although Item,1036.12
94,Population Item,1954.23
95,Interesting Item,2441.88
96,Experience Item,1224.17
97,Career Item,2881.02
98,No Item,2895.32
99,Current Item,4963.83
100,High Item,1511.39
101,Fact Item,4890.83
102,Four Item,3308.24
103,We Item,1408.68
104,Free Item,2851.35
105,Herself Item,3444.71
106,Thank Item,3736.11
107,Lawyer Item,292.77
108,Various Item,3051.71
109,Population Item,2508.8
110,Somebody Item,4525.57
111,Possible Item,1466.66
112,Half Item,4004.36
113,Issue Item,3054.97
114,Least Item,1793.99
115,Support Item,3201.26
116,More Item,3123.41
117,Especially Item,3404.93
118,Consumer Item,3618.6
119,Today Item,3312.95
120,Newspaper Item,4199.77
121,Poor Item,3159.83
122,Condition Item,4521.85
123,Worker Item,3249.39
124,Instead Item,1579.22
125,Inside Item,2232.07
126,Final Item,2918.89
127,Enter Item,3675.18
128,Then Item,496.16
129,Make Item,1510.8
130,Address Item,3750.03
131,Always Item,919.42
132,Bank Item,704.19
133,Today Item,2720.07
134,Whether Item,4858.87
135,Argue Item,2677.72
136,Course Item,4571.76
137,Him Item,4160.84
138,Interest Item,1322.0
139,Physical Item,4132.21
140,Worry Item,2435.15
141,Tell Item,4042.12
142,Sell Item,3745.47
143,Important Item,1726.64
144,Fine Item,620.09
145,Case Item,4816.32
146,Model Item,746.75
147,Everybody Item,4834.18
148,International Item,4307.7
149,Tonight Item,3634.87
150,Him Item,4900.71
151,While Item,4837.99
152,Quality Item,4032.71
153,Home Item,1860.59
154,Send Item,3963.88
155,Happen Item,118.9
156,Notice Item,2706.03
157,Door Item,2301.19
158,Cell Item,3380.5
159,Husband Item,3378.09
160,Road Item,2943.57
161,Industry Item,4120.97
162,Yeah Item,4704.44
163,Pattern Item,586.31
164,Moment Item,1207.42
165,Father Item,173.87
166,Event Item,4426.96
167,Role Item,2828.97
168,End Item,4580.52
169,Cause Item,1145.77
170,Southern Item,362.92
171,There Item,4128.08
172,Morning Item,4551.47
173,Person Item,1545.84
174,Tree Item,2071.06
175,Move Item,741.9
176,Call Item,4733.99
177,White Item,1556.6
178,Or Item,2488.49
179,Join Item,531.1
180,Trouble Item,4441.93
181,So Item,721.54
182,Apply Item,2295.54
183,List Item,3368.91
184,Pressure Item,3728.54
185,Likely Item,4732.57
186,Budget Item,2124.68
187,One Item,3724.23
188,Prepare Item,814.89
189,North Item,2103.68
190,Smile Item,540.16
191,Your Item,2472.27
192,Several Item,2070.17
193,Chance Item,4760.03
194,Generation Item,211.95
195,Floor Item,1884.12
196,Government Item,2244.75
197,Wrong Item,4755.25
198,Capital Item,4284.48
199,Staff Item,541.81
200,Easy Item,3444.12
201,Include Item,2745.11
202,Interview Item,4890.32
203,Firm Item,1825.44
204,Chair Item,2020.79
205,Enter Item,989.55
206,Usually Item,654.69
207,Available Item,4247.76
208,Fine Item,2300.85
209,Among Item,3330.71
210,Standard Item,3226.44
211,Recognize Item,3005.87
212,Stay Item,155.72
213,Follow Item,3944.63
214,Book Item,1255.67
215,Man Item,673.32
216,Sport Item,2844.66
217,Loss Item,389.62
218,Natural Item,3837.53
219,Plant Item,1075.43
220,Close Item,1118.96
221,Laugh Item,4354.99
222,Represent Item,1676.37
223,Ask Item,780.39
224,Help Item,4507.63
225,Popular Item,64.04
226,Avoid Item,4299.11
227,Big Item,766.21
228,Model Item,693.46
229,Seek Item,1290.74
230,Car Item,913.76
231,Least Item,3322.24
232,Others Item,177.61
233,Remember Item,123.56
234,Mind Item,3960.42
235,Remain Item,1227.76
236,Significant Item,1652.67
237,Range Item,912.52
238,Truth Item,309.38
239,Throughout Item,3721.5
240,Across Item,2654.12
241,Sing Item,3741.04
242,Manage Item,2407.42
243,Make Item,3901.18
244,Will Item,2590.53
245,Not Item,589.82
246,Glass Item,2544.0
247,City Item,4729.81
248,Thus Item,264.66
249,Somebody Item,3926.97
250,Fly Item,4341.56
251,Wait Item,2631.18
252,Believe Item,2317.31
253,Firm Item,4821.93
254,Yourself Item,351.09
255,City Item,2420.96
256,Clear Item,2038.01
257,Make Item,3446.18
258,Significant Item,2476.83
259,Hear Item,4553.02
260,Practice Item,413.78
261,Year Item,449.91
262,Market Item,3061.07
263,Item Item,375.13
264,Season Item,1411.33
265,Above Item,3183.73
266,School Item,2764.36
267,Everyone Item,1659.67
268,Believe Item,4973.41
269,Never Item,2676.26
270,Finally Item,2295.89
271,Smile Item,3046.86
272,Remember Item,540.93
273,Purpose Item,3523.81
274,Thing Item,4271.32
275,Company Item,3272.04
276,Account Item,3856.37
277,Strategy Item,3618.16
278,Point Item,1114.36
279,Other Item,2285.2
280,Pick Item,1181.04
281,Performance Item,1727.71
282,Simply Item,2294.82
283,Collection Item,2109.15
284,More Item,520.67
285,Happy Item,2162.48
286,Anyone Item,3342.28
287,Entire Item,1902.79
288,Usually Item,805.56
289,Receive Item,4618.78
290,Month Item,382.31
291,Guy Item,4167.27
292,Worker Item,511.49
293,Large Item,527.99
294,Prevent Item,3707.04
295,Wait Item,4068.26
296,Not Item,2804.04
297,Trade Item,2953.0
298,Eight Item,2829.85
299,Someone Item,1681.75
300,Understand Item,655.04
301,Message Item,1800.31
302,Out Item,3343.44
303,Reflect Item,3763.91
304,Relate Item,4347.06
305,Subject Item,3619.25
306,New Item,4843.57
307,Turn Item,3022.03
308,Technology Item,1790.65
309,On Item,2910.7
310,Couple Item,1103.06
311,Leg Item,3300.84
312,Century Item,1160.01
313,Do Item,585.68
314,Order Item,4234.6
315,Series Item,1869.43
316,Agent Item,3824.9
317,Executive Item,2891.8
318,Life Item,4045.75
319,One Item,4233.52
320,Among Item,4874.01
321,Training Item,4101.21
322,Real Item,3087.19
323,Others Item,3231.36
324,Accept Item,179.96
325,Piece Item,4648.97
326,Keep Item,4155.83
327,Increase Item,1373.87
328,Cup Item,943.06
329,Nothing Item,3528.36
330,Couple Item,1579.47
331,Economic Item,1732.13
332,Development Item,80.22
333,Behavior Item,4355.82
334,Tax Item,2853.29
335,Up Item,2033.88
336,Design Item,752.28
337,Next Item,3184.2
338,More Item,201.75
339,Thing Item,3743.25
340,Clearly Item,1114.91
341,Where Item,2128.17
342,Conference Item,1737.44
343,Travel Item,1881.76
344,Hear Item,3621.9
345,Result Item,3895.34
346,Act Item,2859.59
347,Like Item,470.54
348,Enough Item,310.41
349,Character Item,829.18
350,A Item,3108.3
351,Represent Item,3386.15
352,Speech Item,1396.91
353,Car Item,3326.6
354,That Item,2454.03
355,But Item,2238.12
356,Information Item,1402.18
357,Phone Item,3786.97
358,Country Item,613.4
359,Fill Item,2178.07
360,Involve Item,1452.07
361,Morning Item,3408.51
362,Value Item,2458.83
363,Director Item,3352.31
364,Force Item,274.82
365,Institution Item,2006.55
366,One Item,3016.66
367,Yet Item,88.05
368,Knowledge Item,1542.03
369,Finally Item,1095.61
370,Item Item,729.31
371,Wonder Item,1314.82
372,Record Item,1674.21
373,Full Item,88.26
374,Administration Item,3747.72
375,Arm Item,919.69
376,Daughter Item,1932.03
377,Late Item,3533.17
378,Center Item,2526.3
379,Wear Item,4175.1
380,Authority Item,4040.69
381,Kid Item,406.77
382,Consider Item,4315.73
383,Catch Item,259.4
384,Bag Item,142.77
385,Democrat Item,4609.75
386,Wall Item,4317.44
387,Believe Item,2900.01
388,Whom Item,2888.33
389,Civil Item,3562.02
390,Morning Item,2117.59
391,Learn Item,620.11
392,Thousand Item,153.24
393,Long Item,1657.6
394,Bed Item,4016.54
395,Short Item,3109.72
396,Day Item,4168.53
397,Customer Item,4602.86
398,Watch Item,486.24
399,Actually Item,4230.2
400,Town Item,1254.42
401,Few Item,2964.91
402,Amount Item,2643.61
403,Coach Item,2009.05
404,Person Item,1585.86
405,Bring Item,1730.59
406,Team Item,1698.69
407,Product Item,882.26
408,Collection Item,2576.89
409,Case Item,614.43
410,Class Item,2574.26
411,Crime Item,4534.32
412,With Item,1779.41
413,Born Item,3650.53
414,College Item,4103.8
415,Between Item,4084.43
416,Concern Item,1219.53
417,We Item,774.9
418,Minute Item,1026.5
419,Later Item,3031.87
420,Cut Item,3813.07
421,Part Item,3294.77
422,Best Item,926.87
423,Teacher Item,3875.6
424,Seek Item,2495.88
425,Theory Item,3784.51
426,Environmental Item,3811.39
427,Record Item,2272.08
428,Maintain Item,4624.56
429,Interest Item,2844.23
430,Central Item,3194.73
431,Heavy Item,3141.38
432,Political Item,4328.02
433,Study Item,3154.73
434,Carry Item,797.24
435,Couple Item,388.02
436,Safe Item,2238.93
437,He Item,1548.96
438,Involve Item,1409.63
439,Color Item,328.05
440,Billion Item,2561.32
441,Career Item,1586.52
442,Skin Item,2286.97
443,Conference Item,331.61
444,A Item,4166.9
445,Future Item,429.82
446,Feeling Item,4328.04
447,Space Item,4283.7
448,Effect Item,3094.29
449,Week Item,2559.99
450,Easy Item,2340.42
451,Wind Item,2793.87
452,Own Item,3969.5
453,Apply Item,4484.59
454,Today Item,2276.18
455,Question Item,4058.59
456,Member Item,3276.6
457,Them Item,1641.56
458,Evidence Item,2404.36
459,Several Item,796.76
460,Research Item,356.27
461,Before Item,562.33
462,Position Item,4500.68
463,Republican Item,1750.02
464,While Item,3585.86
465,Media Item,2547.52
466,Hundred Item,904.17
467,Actually Item,1276.33
468,And Item,2216.9
469,Consumer Item,2225.14
470,Finally Item,2637.6
471,These Item,835.79
472,Every Item,1895.62
473,Huge Item,1450.32
474,Role Item,2073.41
475,Common Item,1724.92
476,For Item,3009.54
477,Account Item,3956.67
478,Sign Item,3254.16
479,Thing Item,376.26
480,Lose Item,517.8
481,Mention Item,3407.98
482,Management Item,1456.53
483,Room Item,3632.48
484,Woman Item,3299.99
485,Why Item,4536.4
486,Strategy Item,4372.73
487,Affect Item,1700.14
488,Everything Item,2934.56
489,Family Item,750.07
490,Before Item,1781.61
491,Source Item,4840.1
492,Sign Item,3507.48
493,Agree Item,1990.19
494,Similar Item,2995.45
495,Factor Item,4693.11
496,Court Item,1582.43
497,Beat Item,1914.56
498,Time Item,3968.73
499,Because Item,4075.26
500,Heart Item,3367.08
501,Religious Item,4153.35
502,Rest Item,3706.93
503,Kitchen Item,3442.8
504,Woman Item,2655.65
505,Hear Item,3247.82
506,Listen Item,2145.86
507,Always Item,1841.05
508,Effort Item,1844.86
509,Day Item,942.3
510,Mission Item,1110.25
511,Draw Item,4740.96
512,Full Item,2457.04
513,None Item,1171.39
514,Sea Item,730.95
515,Executive Item,431.97
516,Music Item,4229.92
517,Activity Item,550.65
518,Care Item,3865.83
519,Decision Item,4183.84
520,Fund Item,4424.23
521,Citizen Item,236.85
522,Heart Item,1716.98
523,West Item,3843.22
524,Fish Item,698.69
525,My Item,1914.76
526,My Item,853.12
527,Also Item,4165.16
528,Fill Item,3866.93
529,Teacher Item,4054.77
530,Artist Item,869.42
531,Exactly Item,2216.48
532,Write Item,2083.75
533,Soldier Item,3398.0
534,Town Item,1225.77
535,Right Item,2248.78
536,Himself Item,1460.39
537,Series Item,3755.26
538,Prove Item,2272.19
539,Road Item,2693.36
540,Evidence Item,1581.87
541,To Item,4052.69
542,Hope Item,2371.63
543,Family Item,4183.81
544,Whatever Item,1870.81
545,Future Item,4738.29
546,Degree Item,4922.98
547,Standard Item,2335.32
548,Too Item,1444.77
549,Buy Item,1940.27
550,Lot Item,2660.93
